epoch,loss,lr,mae,mse,val_loss,val_mae,val_mse
0,0.08914433245801474,0.01,0.08914432,0.3018199,0.06470376282893926,0.06470376253128052,0.012899516150355339
